removed_interest,aud_low_est,aud_high_est,date_aud_test,seen_in_CB,unique_user,unique_advertiser
¡Despierta América!,,,,yes,1,3
14th Dalai Lama,,,,yes,1,2
2nd Amendment,1700000,2000000,2022-01-07,yes,11,31
A Course in Miracles,949880,1117505,2021-10-29,yes,2,2
AARP Black Community,,,,yes,2,2
Abaya,,,,yes,1,2
Abdomen,90672040,106630320,2022-02-08,yes,10,9
Abilene Christian University,,,,yes,1,1
Abraham Lincoln,,,,yes,12,6
Absolute (philosophy),,,,yes,1,1
Acne cosmetica,,,,yes,3,2
ACT UP,75000,88200,2021-12-23,yes,2,3
Acupressure,,,,yes,1,2
Acupuncture,,,,yes,13,16
Adult Children of Alcoholics,,,,yes,1,1
Advaita Vedanta,,,,yes,1,1
Adventism,,,,yes,3,2
Advocacy,,,,yes,23,15
African diaspora culture,,,,yes,6,5
African Methodist Episcopal Church,,,,yes,2,3
African Methodist Episcopal Zion Church,,,,yes,3,3
African-American Civil Rights Movement (1954-68),,,,no,,
African-American culture,54300000,63800000,2022-01-07,yes,207,311
African-American dance,,,,yes,3,2
African-American history,3400000,4000000,2022-01-07,yes,42,54
African-American studies,270200,317900,2022-01-07,yes,1,1
Afro,26636120,31336611,2021-10-29,yes,10,18
Afro-American Newspapers,,,,yes,2,4
Afro-punk,2149840,2529223,2021-10-29,yes,7,10
Afro-textured hair,16300000,19200000,2022-01-07,yes,12,19
Afrofuturism,,,,yes,1,1
Afterlife,43566530,51254741,2021-10-29,yes,10,10
Ageing,142935660,168159600,2021-10-29,yes,172,231
AIDS/LifeCycle,,,,yes,1,1
Ainsley Earhardt,,,,yes,5,1
Air force,16164,19009,2022-02-08,yes,7,11
Air National Guard,,,,yes,3,3
Aish HaTorah,,,,yes,1,1
Al Franken,,,,yes,1,1
Al Gore,,,,yes,5,4
Al Sharpton,582900,685800,2022-01-07,yes,10,3
Al-Kawthar,,,,yes,1,1
Al-Masjid al-Nabawi,,,,yes,1,3
Al-Qur'an,1440842,1695108,2021-10-29,no,,
Alcoholic drink,,,,yes,11,18
Alexandria Ocasio-Cortez,,,,yes,27,19
Aline Barros,11194910,13170482,2021-10-29,no,,
Allen West (politician),,,,yes,12,4
Allergen,,,,yes,12,7
Allergy,16800000,19800000,2021-12-23,yes,75,63
Alpha Kappa Alpha,1700000,2000000,2022-01-07,yes,5,27
Alpha Phi Alpha,669900,788100,2022-01-07,yes,6,15
Alternative medicine,,,,yes,141,156
Altruism,,,,yes,2,3
Alzheimer's disease research,1400000,1700000,2021-12-23,yes,12,18
American Brain Tumor Association,,,,yes,1,3
American Cancer Society,11900000,14000000,2022-01-07,yes,82,67
American Cancer Society Making Strides Against Breast Cancer,,,,yes,3,9
American Center for Law & Justice,,,,yes,3,3
American Civil Liberties Union,,,,yes,86,29
American Civil War reenactment,,,,yes,1,1
American Diabetes Association,2000000,2300000,2021-12-23,yes,17,48
American Enterprise Institute,920900,1100000,2022-01-07,yes,3,5
American Foundation for Suicide Prevention,,,,yes,9,13
American Headache Society,,,,yes,1,3
American Heart Association,6100000,7200000,2022-01-07,yes,36,42
American Independent Party,,,,yes,1,1
American Indian College Fund,,,,yes,2,2
American Israel Public Affairs Committee,,,,yes,1,1
American Jewish Committee,,,,yes,11,21
American jewish culture,1000000,1200000,2022-01-07,yes,15,25
American Kidney Fund,,,,yes,2,3
American Lung Association,2000000,2300000,2022-01-07,yes,12,20
American Osteopathic Association,,,,yes,1,1
American Parkinson Disease Association,182100,214200,2021-12-23,yes,2,32
American Patriots,,,,yes,1,1
American Postal Workers Union,,,,yes,2,3
American Psychiatric Association,,,,yes,2,4
American Sign Language,,,,yes,4,4
American Women Veterans,,,,yes,2,4
Amulet,40287890,47397517,2021-10-29,yes,10,11
Amy Klobuchar,,,,yes,2,1
Anarkali,6536680,7690211,2021-10-29,no,,
Anderson Cooper,985730,1159682,2021-10-29,yes,6,4
Anderson Cooper 360°,,,,yes,9,5
Anesthesia,,,,yes,1,1
Angel wings,1251530,1472388,2021-10-29,yes,1,1
Anglicanism,,,,yes,1,3
Animism,,,,yes,1,1
Ann Coulter,986900,1200000,2022-01-07,yes,4,7
Ann Voskamp,1100000,1300000,2022-01-07,yes,6,19
Anthropology of religion,,,,yes,2,2
Anti-abortion movements,,,,yes,7,5
Anti-racism,,,,yes,12,10
Anxiety and Depression Association of America,18800000,22200000,2021-12-23,yes,5,8
Apocalypse,13931500,16390000,2021-10-29,yes,8,8
Apostle (Christian),,,,yes,2,2
Army,97221020,114377670,2021-10-29,yes,47,48
Army National Guard,2311360,2719247,2021-10-29,yes,2,2
Army Times,995093,1170230,2022-02-08,yes,4,4
Arnold Schwarzenegger,,,,yes,2,2
Arthritis awareness,16200000,19100000,2021-12-23,yes,75,90
Arthritis Foundation,,,,yes,7,19
Asbury Theological Seminary,10242,12049,2021-10-29,no,,
Ashkenazi jewish culture,,,,yes,8,12
Asian american culture,7400000,8800000,2022-01-07,yes,70,71
Asian Pacific American,,,,yes,1,6
Assembleias de Deus,13867130,16314270,2021-10-29,no,,
Assemblies of god church,,,,yes,7,10
Assemblies of God USA,,,,yes,1,1
Asthma and Allergy Foundation of America,,,,yes,2,3
Asthma and Allergy Foundation of America (AAFA),,,,yes,2,3
Asthma and Allergy Friendly,,,,yes,1,7
Atheism,,,,yes,9,7
Atkins diet,,,,yes,22,30
Attitude (magazine),20326620,23913670,2021-11-19,yes,10,22
Audiology,4904107,5767230,2022-02-08,yes,4,5
Auditory system,,,,yes,1,1
Autism Awareness,14500000,17100000,2021-12-23,yes,121,168
Autism rights movement,,,,yes,8,29
Autism Speaks,3100000,3600000,2022-01-07,yes,23,81
Autism Treatment Center of America,,,,yes,1,3
Autoimmunity,,,,yes,7,18
Avraham Fried,99530,117094,2021-10-29,no,,
Ayah,22151860,26061011,2021-10-29,yes,1,22
B-cell chronic lymphocytic leukemia,,,,yes,17,15
Banarasi saris,7189650,8458411,2021-10-29,no,,
Baptism,,,,yes,5,3
Baptist church,12600000,14800000,2022-01-07,yes,56,59
Bar-Ilan University,458310,539188,2021-10-29,yes,1,2
Barack Obama,12500000,14700000,2022-01-07,yes,171,56
Basic Rights Oregon,,,,yes,1,1
Batik,38128950,44857588,2021-10-29,no,,
BBC Arabic Television,2159570,2540670,2021-10-29,no,,
BBC News (TV channel),55425280,65206211,2021-10-29,no,,
Behaviour therapy,,,,yes,2,4
Being Conservative,,,,yes,7,8
Belief,,,,yes,22,4
"BellyBelly - Pregnancy, Birth & Parenting",,,,yes,1,1
Ben Carson,,,,yes,5,4
Ben Shapiro,23314120,27428376,2021-10-29,yes,144,139
Bengali language,,,,yes,3,2
Benjamin Netanyahu,15655340,18418047,2021-10-29,yes,13,14
Bernie Sanders,,,,yes,153,69
BET,86000000,101100000,2022-01-07,yes,217,246
BET Awards,25300000,29800000,2022-01-07,yes,12,23
BET Hip-Hop,277528,326503,2021-10-29,no,,
Beth Moore,5800000,6900000,2022-01-07,yes,2,2
"Bethel Church (Redding, California)",,,,yes,4,9
Bhajan,,,,yes,1,1
Bible,29000000,34100000,2022-01-07,yes,202,253
Bible prophecy,,,,yes,7,13
Bible society,,,,yes,1,2
Bible Studies,,,,yes,1,2
Bible study (Christian),11900000,14000000,2022-01-07,yes,35,119
Bible Study Fellowship,,,,yes,2,2
Bible translations,,,,yes,1,2
Bible/Ministry,5933,6980,2021-10-29,no,,
Bible/Theology,19169,22551,2021-10-29,no,,
BibleGateway.com,,,,yes,5,28
BibleStudyTools.com,,,,yes,4,15
Biblical & Theological Studies,7032,8272,2021-10-29,no,,
Bill Clinton,,,,yes,5,5
Bill Gaither (gospel singer),,,,yes,2,1
Bill Maher,11509380,13540447,2021-10-29,yes,23,16
Bill O'Reilly (political commentator),7400000,8700000,2022-01-07,yes,36,30
Billy Graham,,,,yes,25,52
Billy Graham Evangelistic Association,,,,yes,13,25
Biodiversity,,,,yes,13,10
Birthright Israel,2100000,2400000,2022-01-07,yes,6,14
Bisexual community,,,,yes,1,2
Bishop,13006,15301,2021-10-29,yes,4,5
Black Enterprise,,,,yes,9,19
Black feminism,,,,yes,2,2
Black Girls Rock!,,,,yes,4,7
Black History Month,1900000,2300000,2022-01-07,yes,36,22
Black is beautiful,,,,yes,3,4
Black magic,10469190,12316694,2021-10-29,yes,3,3
Black Panther (comics),8992140,10578988,2021-10-29,yes,14,17
Blessed Sacrament,,,,yes,1,2
blessed virgin mary,,,,yes,1,4
Blinded Veterans Association,,,,yes,1,1
Blood cell,7173486,8436020,2022-02-08,yes,7,6
Blood plasma,,,,yes,26,13
Blood vessel,47317990,55668223,2021-10-29,yes,13,14
Bloomberg Businessweek,7788620,9163082,2021-10-29,yes,5,5
Bloomberg News,2450450,2882882,2021-10-29,yes,3,3
Bloomberg Television,1362430,1602858,2021-10-29,no,,
Blue Letter Bible,,,,yes,1,2
Bone Health,,,,yes,3,5
Book of Genesis,,,,yes,2,3
Book of Mormon,3873600,4557176,2021-10-29,yes,10,12
Books of the Bible,,,,yes,6,7
Born again (Christianity),,,,yes,2,2
Bossip,2300000,2700000,2022-01-07,yes,4,5
BP Magazine for Bipolar,,,,yes,3,3
Brain,341488570,401751258,2021-10-29,yes,102,57
Brain fitness,11500000,13500000,2022-01-07,yes,3,5
Breast Cancer awareness,17100000,20100000,2022-01-07,yes,100,117
Breast Cancer Care,,,,yes,2,4
Breast pump,26115333,30711632,2022-02-08,yes,16,37
Breastcancer.org,,,,yes,4,8
Breastfeeding,163449870,192293964,2021-10-29,yes,59,94
Bret Baier,,,,yes,4,1
Brian Sims,,,,yes,1,1
Broadway Cares/Equity Fights AIDS,,,,yes,3,3
Brookings Institution,516400,607529,2021-10-29,yes,7,3
Buddha Groove,,,,yes,3,3
Buddhism,,,,yes,24,24
Buddhist meditation,,,,yes,3,6
Bulletproof Coffee,82570,97141,2021-10-29,no,,
Bullying awareness,,,,yes,5,4
BuzzFeed Español,,,,yes,1,1
Cajun culture,,,,yes,2,3
Calcalist,1015190,1194341,2021-10-29,no,,
California Republican Party,,,,yes,1,1
Calvinism,,,,yes,6,9
Camouflage,17184380,20216917,2021-10-29,yes,4,4
Camp Ramah,,,,yes,1,2
Cancer awareness,36000000,42300000,2022-01-07,yes,281,221
Cancer research,8000000,9400000,2021-12-23,yes,12,19
Capitalism,,,,yes,8,5
Caroline Myss,486420,572258,2021-10-29,yes,5,9
Cartomancy,24092280,28343858,2021-10-29,no,,
Casting Crowns,11000000,13000000,2022-01-07,yes,27,62
Catechism of the Catholic Church,,,,yes,3,9
Catholic and Proud,,,,yes,4,9
Catholic Answers,,,,yes,7,12
Catholic Bible,,,,yes,5,16
Catholic Charismatic Renewal,,,,yes,1,4
Catholic Church,23500000,27600000,2022-01-07,yes,109,154
Catholic Church in the United States,,,,yes,7,27
catholic company,,,,yes,3,7
Catholic News Agency,,,,yes,9,29
Catholic News Service,,,,yes,3,9
Catholic Online,,,,yes,1,8
Catholic Relief Services,,,,yes,6,15
Catholic school,,,,yes,8,11
Catholicism,,,,yes,5,21
CatholicVote,,,,yes,4,6
Cato Institute,998290,1174458,2021-10-29,yes,12,11
Celtic languages,,,,yes,1,1
Center for Reproductive Rights,,,,yes,1,1
Central nervous system,,,,yes,5,3
Chapters and verses of the Bible,7300000,8600000,2022-01-07,yes,19,23
Charisma (magazine),852220,1002611,2021-10-29,yes,2,16
Charismatic Movement,,,,yes,3,4
Chicano Movement,,,,yes,1,1
Chinese american culture,,,,yes,1,1
Chonda Pierce,1342640,1579576,2021-10-29,yes,2,4
Chris Christie,,,,yes,1,1
Chris Murphy (politician),,,,yes,1,1
Chris Tomlin,22000000,25900000,2022-01-07,yes,24,69
Christ,,,,yes,1,3
Christendom College,,,,yes,2,3
Christian Books,,,,yes,3,4
Christian Broadcasting Network,,,,yes,14,16
Christian Church,30700000,36100000,2022-01-07,yes,108,183
Christian clothing,,,,yes,2,5
Christian country music,,,,yes,1,1
Christian denominations,7600000,9000000,2022-01-07,yes,45,44
Christian devotional literature,,,,yes,6,17
Christian hip hop,,,,yes,13,11
Christian ministry,27800000,32700000,2022-01-07,yes,76,102
Christian music,75200000,88400000,2022-01-07,yes,264,200
Christian News Network,,,,yes,2,2
Christian novel,,,,yes,3,3
Christian prayer,,,,yes,4,9
Christian Quotes,,,,yes,1,1
Christian revival,,,,yes,2,2
Christian rock,,,,yes,21,17
Christian school,,,,yes,5,7
Christian theology,2600000,3100000,2022-01-07,yes,16,26
Christian Today,,,,yes,7,17
Christian Zionism,,,,yes,8,6
Christianbook.com,,,,yes,9,18
ChristianCinema.com,,,,yes,1,1
Christianity Today,,,,yes,17,42
Christianity.com,,,,yes,1,1
Christians United for Israel,850800,1000000,2022-01-07,yes,11,27
Christmas and holiday season,,,,yes,100,153
Christmas card,,,,yes,9,14
Christmas carol,,,,yes,6,7
Christmas decoration,,,,yes,19,43
Christmas Eve,,,,yes,18,30
Christmas Gift,3268529,3845328,2021-10-29,no,,
Christmas lights,,,,yes,14,30
Christmas music,,,,yes,13,29
Christmas ornament,,,,yes,19,38
Christmas stocking,,,,yes,5,4
Christmas traditions,,,,yes,5,13
Christmas tree,,,,yes,34,62
Christology,,,,yes,2,2
Christopher Hitchens,,,,yes,1,1
CHRISTUS Good Shepherd Health System,4344,5110,2021-10-29,no,,
CHRISTUS Health,9486,11160,2021-10-29,no,,
Chronic obstructive pulmonary disease awareness,9200000,10800000,2021-12-23,yes,42,36
Chuck Schumer,,,,yes,6,3
Chuck Swindoll,518310,609776,2021-10-29,yes,5,15
Church (building),,,,yes,31,32
Church Administrator,2780,3270,2021-10-29,no,,
Church Fathers,,,,yes,1,1
Church Leaders,,,,yes,4,4
Church music,,,,yes,1,1
Church of Christ,,,,yes,2,2
Church of God in Christ,,,,yes,7,8
Church of the Nazarene,,,,yes,2,3
Church service,,,,yes,20,20
Churches of Christ,,,,yes,1,1
Circulatory system,126286400,148572235,2021-10-29,yes,37,30
Citizens Committee for the Right to Keep and Bear Arms,,,,yes,3,4
Citizens Committee for the Right to Keep and Bear Arms (CCRKBA),,,,yes,1,1
Citizenship in the United States,,,,yes,1,1
City of Hope National Medical Center,,,,yes,3,2
Civil and political rights,,,,yes,24,15
Clairvoyance,12766780,15019741,2021-10-29,yes,4,9
Classical liberalism,,,,yes,4,3
Climate Action Network,,,,yes,1,1
Climate change,,,,yes,126,100
Climate change mitigation,,,,yes,17,15
Climate justice,,,,yes,1,1
CNBC,23902150,28120176,2021-10-29,yes,59,30
CNN,126302890,148591635,2021-10-29,yes,341,209
CNN en Español,,,,yes,16,18
CNN Indonesia,8843790,10404458,2021-10-29,no,,
CNN International,15704700,18476117,2021-10-29,yes,10,8
CNNMoney,302119,355434,2021-10-29,no,,
Cognition,,,,yes,53,37
Cognitive behavioral therapy,1300000,1500000,2021-12-23,yes,8,10
Cognitive neuroscience,,,,yes,3,3
Cognitive psychology,,,,yes,4,6
College Republicans,,,,yes,6,3
Color of Change,,,,yes,11,8
Common cold,,,,yes,15,15
Communication disorder,,,,yes,1,1
Community mental health service,,,,yes,2,5
Community organizing,,,,yes,7,6
Community service,870510,1023720,2022-02-08,yes,3,3
Compassion,21426000,25207058,2021-10-29,yes,10,6
Complication (medicine),,,,yes,1,1
Compression stockings,3297678,3878070,2022-02-08,yes,13,17
Concealed carry,,,,yes,22,52
Concealed carry in the United States,3000000,3500000,2022-01-07,yes,23,40
Concerned Veterans for America,,,,yes,1,1
Confession (religion),,,,yes,1,1
Congregational church,,,,yes,1,1
Congressional Black Caucus,,,,yes,2,1
Conservation movement,,,,yes,25,17
Conservatism in the United States,15100000,17800000,2022-01-07,yes,50,18
Conservative Judaism,,,,yes,5,8
Conservative News Today,,,,yes,3,3
Conservative Political Action Conference,,,,yes,8,5
Conservative talk radio,,,,yes,25,15
Contemporary Christian music,17100000,20100000,2022-01-07,yes,97,118
Continuous positive airway pressure,2700000,3200000,2021-12-23,yes,37,49
COPD Awareness Month,261300,307400,2021-12-23,yes,1,6
Cornel West,,,,yes,4,3
Cory Booker,3607760,4244423,2021-10-29,yes,31,20
Cough,,,,yes,27,16
Counseling psychology,,,,yes,8,8
Counter-terrorism awareness,10339330,12163917,2021-10-29,no,,
Counterculture of the 1960s,,,,yes,4,4
CreakyJoints,,,,yes,2,3
Creationism,,,,yes,3,4
Criminal justice reform,,,,yes,8,4
Crohn's & Colitis Foundation,,,,yes,6,11
Cross,,,,yes,1,6
Cru (Christian organization),,,,yes,3,3
Crucifixion of Jesus,,,,yes,3,3
Cryotherapy,,,,yes,1,1
Cthulhu,3816488,4488190,2022-02-08,yes,8,12
Cupping therapy,,,,yes,1,1
CURE Childhood Cancer,,,,yes,1,1
Cyclic ketogenic diet,,,,yes,7,26
Daily Devotionals,,,,yes,3,12
Daily Express,31750210,37353188,2021-10-29,no,,
Daily Mirror,54492700,64109058,2021-10-29,no,,
Dalai Lama,9313570,10957141,2021-10-29,yes,13,11
Dale Carnegie,1625810,1912717,2021-10-29,no,,
Dana Loesch,,,,yes,7,4
Dark Souls,2850270,3353258,2021-10-29,yes,2,7
DaVita,,,,yes,3,4
DaVita Kidney Care,,,,yes,2,6
Daystar (TV network),5300000,6300000,2022-01-07,yes,2,16
Deacon,11954,14063,2021-10-29,no,,
Deaf culture,262700,309000,2021-12-23,yes,2,1
Delayed sleep phase disorder,667900,785800,2021-12-23,yes,1,2
Delta Sigma Theta,1600000,1800000,2022-01-07,yes,5,13
Democracy Now!,1545250,1817941,2021-10-29,yes,18,13
Democratic Governors Association,,,,yes,2,1
Democratic National Committee,,,,yes,8,3
Democratic Party (United States),39500000,46500000,2022-01-07,yes,158,82
Dennis Prager,1464360,1722776,2021-10-29,yes,17,16
Dental plaque,2000000,2300000,2021-12-23,yes,4,3
Depression and Bipolar Support Alliance,10700000,12600000,2021-12-23,yes,5,8
Dermatology,94456250,111125000,2021-10-29,yes,85,105
Developmental disability awareness,4900000,5700000,2021-12-23,yes,8,10
Devil,38411560,45190070,2021-10-29,yes,1,1
Diabetes Daily,,,,yes,8,15
Diabetes Hands Foundation,,,,yes,2,3
Diabetes mellitus awareness,19300000,22700000,2021-12-23,yes,244,202
Diabetes mellitus type 2 awareness,12400000,14600000,2021-12-23,yes,89,187
Diabetes Research Institute,,,,yes,2,4
Diabetic diet,,,,yes,44,59
Dialysis Patient Citizens,,,,yes,1,7
Dianne Feinstein,,,,yes,1,1
Diet food,55530371,65303717,2022-02-08,yes,81,161
Digestion,93475518,109927210,2022-02-08,yes,90,86
Digestive enzyme,,,,yes,3,4
Disability rights movement,10700000,12600000,2021-12-23,yes,9,14
Disciple (Christianity),,,,yes,10,11
Divination,,,,yes,4,4
"Divinatory, esoteric and occult tarot",7511293,8836815,2021-10-29,yes,1,1
Divine Mercy,,,,yes,2,3
Divine Mercy image,,,,yes,1,1
Divinity,,,,yes,2,2
Diwali,,,,yes,2,2
Doctor of Osteopathic Medicine,,,,yes,5,7
Doctor of Physical Therapy,,,,yes,5,6
Donald J. Trump,3769,4434,2021-10-29,no,,
Donald Trump,28000000,33000000,2022-01-07,yes,183,196
Donald Trump for President,,,,yes,10,12
Donald Trump Jr.,,,,yes,18,15
Doreen Virtue,601520,707670,2021-10-29,no,,
Dreadlocks,,,,yes,1,1
Drudge Report,,,,yes,2,1
Dua,10817220,12726141,2021-10-29,yes,3,23
Dupatta,14155870,16653964,2021-10-29,no,,
Duquesne University School of Law,3258,3832,2021-10-29,no,,
Dyslexie,,,,yes,3,3
Early Christianity,,,,yes,10,8
Eastern Catholic Churches,,,,yes,7,9
Eastern Orthodox Church,,,,yes,9,7
Ebony (magazine),,,,yes,18,29
Eckhart Tolle,1264030,1487094,2021-10-29,yes,7,20
"Edi sa puso mo :"">",2315514,2724134,2021-10-29,no,,
Edward Snowden,,,,yes,2,1
Effects of global warming,,,,yes,2,2
Eid al-Fitr,1000000,1200000,2022-01-07,yes,9,12
Elizabeth City State University,22601,26589,2021-10-29,no,,
Elizabeth Warren,,,,yes,70,25
Elton John AIDS Foundation,,,,yes,2,2
Emotion,,,,yes,104,62
Empathy,28156440,33125223,2021-10-29,yes,10,8
Enlightenment (spiritual),16736049,19689469,2021-10-29,yes,10,26
Environment America,,,,yes,2,1
Environmental Defense Fund,440680,518447,2021-10-29,yes,30,29
Environmental issue,,,,yes,1,1
Environmental justice,,,,yes,6,4
Environmental movement,,,,yes,8,8
Environmental organization,2247534,2643100,2022-02-08,yes,27,17
Environmental protection,,,,yes,13,23
Environmental Working Group,,,,yes,6,3
Environmentalism,91841970,108049376,2021-10-29,yes,280,414
Environmentalist,2065724,2429292,2022-02-08,yes,5,5
Epidemiology of HIV/AIDS,862400,1000000,2021-12-23,yes,5,6
Epilepsy Foundation of America,,,,yes,7,12
Epilepsy Support,,,,yes,2,11
Episcopal Church (United States),,,,yes,5,6
Equal Justice Initiative,,,,yes,5,3
Esotericism,23709800,27893882,2021-10-29,yes,13,12
Espadrille,6919736,8137610,2022-02-08,yes,1,1
Essence,38133100,44862470,2021-10-29,yes,14,11
Essence (magazine),89082100,104802470,2021-10-29,yes,157,217
Esther Hicks,1271550,1495941,2021-10-29,yes,2,4
Estrella TV,2693418,3167460,2022-02-08,yes,1,2
ESV Study Bible,,,,yes,2,6
Eternal life (Christianity),,,,yes,1,1
Eucharist,,,,yes,1,1
Eucharist in the Catholic Church,,,,yes,1,4
Eucharistic adoration,,,,yes,3,6
Evangelica,5102227,6002620,2021-10-29,no,,
Evangelical Christian Publishers Association,,,,yes,2,2
Evangelical Lutheran Church in America,,,,yes,2,2
Evangelicalism,9000000,10600000,2022-01-07,yes,66,54
Evangelism,,,,yes,35,34
Evangelist,178847,210408,2021-10-29,no,,
Everyday Feminism,,,,yes,2,2
Evolution,,,,yes,9,6
Evolutionary psychology,,,,yes,7,5
Excessive daytime sleepiness,1100000,1300000,2021-12-23,yes,10,14
Eye movement desensitization and reprocessing,112000,131800,2021-12-23,yes,2,3
Faith,20600000,24200000,2022-01-07,yes,86,87
FaithGateway,,,,yes,1,1
Falling in love,11760150,13835470,2021-10-29,yes,2,3
Family History Center (LDS Church),52177,61384,2021-10-29,yes,2,4
Family of Barack Obama,2200640,2588988,2021-10-29,yes,1,1
Family therapy,,,,yes,4,4
Fast Company (magazine),3676260,4325011,2021-10-29,yes,30,30
Fasting,,,,yes,16,14
Fat,,,,yes,51,27
Fellowship Church,,,,yes,2,3
Feminism,105382720,123979670,2021-11-19,yes,200,143
Feminist movement,,,,yes,9,9
Feng shui,48286450,56807588,2021-10-29,yes,3,6
Fertility awareness,3000000,3600000,2021-12-23,yes,4,8
Fibromyalgia awareness,4300000,5000000,2021-12-23,yes,27,33
Fighter pilot,,,,yes,1,2
Fireproof (film),4709820,5540964,2021-10-29,yes,3,7
First Bank of Nigeria Limited,49121,57789,2021-10-29,no,,
First Communion,,,,yes,1,1
Fit Pregnancy,,,,yes,2,8
Flag,,,,yes,6,5
Flag of the United States,11687250,13749705,2021-10-29,yes,49,64
Focus on the Family,4800000,5600000,2022-01-07,yes,28,97
Follow Your Heart,,,,yes,4,3
Food allergy,,,,yes,9,10
For King & Country (band),8900000,10500000,2022-01-07,yes,17,38
Forgiveness,14423720,16969082,2021-10-29,no,,
Fortune (magazine),6715680,7900800,2021-10-29,yes,6,7
Fortune-telling,12155240,14300282,2021-10-29,yes,1,1
Fox & Friends,8600000,10100000,2022-01-07,yes,33,38
Fox Business Network,14414370,16958082,2021-10-29,yes,20,14
Fox Nation,,,,yes,4,2
Fox News Channel,61890310,72812129,2021-10-29,yes,227,250
Fox News Live,48160,56658,2021-10-29,no,,
Fox News Radio,2700000,3200000,2022-01-07,yes,2,3
Fox News Sunday,4700000,5500000,2022-01-07,yes,3,4
Fred Hutchinson Cancer Research Center,,,,yes,4,4
Free market,28091680,33049035,2021-10-29,yes,6,6
Free will,,,,yes,4,3
Freedom of speech,22220408,26131200,2022-02-08,yes,17,17
FreedomWorks,,,,yes,7,3
Freethought,9196800,10819764,2021-10-29,yes,5,3
Fresenius (company),,,,yes,1,1
Friends of the Earth,2098954,2469357,2021-10-29,yes,16,24
"From my cold, dead hands",,,,yes,6,5
Full Frontal with Samantha Bee,,,,yes,14,9
Gabby Giffords,,,,yes,5,3
Gabrielle Bernstein,419525,493558,2021-10-29,yes,2,3
Gagra choli,7568950,8904647,2021-10-29,no,,
Garrett-Evangelical Theological Seminary,3339,3928,2021-10-29,no,,
Gautama Buddha,,,,yes,2,2
Gavin Newsom,26108830,30716270,2021-10-29,yes,15,3
Gay & Lesbian Victory Fund,,,,yes,7,9
Gay bar,3000000,3500000,2022-01-07,yes,9,24
Gay Life,,,,yes,5,10
Gay News,,,,yes,28,35
Gay pride,22100000,26000000,2022-01-07,yes,176,341
Gay Star News,,,,yes,6,9
Gay Times,16687,19631,2022-01-07,yes,5,7
Gay village,,,,yes,3,5
Gay-friendly,,,,yes,4,9
Gay–straight alliance,,,,yes,2,2
"Gay, Lesbian and Straight Education Network",,,,yes,1,1
"Gay, Lesbian, Bisexual, Transgender, Straight Alliance",,,,yes,3,2
Gender equality,3000000,3500000,2022-01-07,yes,50,37
Gender identity,,,,yes,5,6
Gender variance,,,,yes,1,1
Gender-neutral language,,,,yes,2,2
Gender-specific and gender-neutral pronouns,3300000,3900000,2022-01-07,yes,1,5
Genderqueer,6600000,7800000,2022-01-07,yes,74,115
General Conference of Seventh-day Adventists,,,,yes,1,3
Genetic disorder,1500000,1700000,2021-12-23,yes,6,4
George W. Bush,,,,yes,6,4
Geraldo Rivera,,,,yes,1,1
Ghost,72940170,85811964,2021-10-29,yes,21,21
Girl power,20500000,24100000,2022-01-07,yes,2,2
GLAAD,886600,1000000,2022-01-07,yes,25,22
Global warming,,,,yes,32,20
Global warming hiatus,,,,yes,2,1
Glossary of Islam,,,,yes,2,13
Gluten-free diet,,,,yes,172,230
"Gluten-free, casein-free diet",,,,yes,3,4
Gluteus maximus muscle,,,,yes,4,2
GMA News and Public Affairs,45017760,52962070,2021-10-29,no,,
GNR - Guarda Nacional Republicana,9598,11291,2021-10-29,no,,
God,49700000,58500000,2022-01-07,yes,143,130
God in Christianity,5900000,6900000,2022-01-07,yes,34,37
God in Islam,,,,yes,2,6
God the Father,,,,yes,8,11
GOD TV,,,,yes,2,3
Goddess,34902338,41045150,2022-02-08,yes,6,4
Godtube,,,,yes,5,10
GodVine,,,,yes,9,8
Goodluck Jonathan,,,,yes,2,1
Gospel,,,,yes,32,22
Gospel music,387926240,456383811,2021-10-29,yes,499,320
Gospel of John,,,,yes,1,1
Gospel of Luke,,,,yes,1,2
Gospel of Matthew,,,,yes,1,2
Grant Cardone,11914230,14016741,2021-10-29,yes,5,9
Greater Than AIDS,,,,yes,3,5
Green New Deal,,,,yes,23,6
Green party,,,,yes,4,2
Green Party of the United States,,,,yes,1,1
Greg Gutfeld,,,,yes,8,2
Gregg Braden,953810,1122129,2021-10-29,yes,2,3
Grindr,431400,507500,2022-01-07,yes,15,17
Guardian angel,,,,yes,8,8
Gun dog,5433110,6391894,2021-10-29,yes,4,5
Gun Owners of America,1100000,1300000,2022-01-07,yes,17,33
Guns & Ammo (magazine),,,,yes,7,32
Guns & Patriots,,,,yes,4,5
Haaretz,2489520,2928847,2021-10-29,yes,6,7
Hadith,,,,yes,1,5
Hafiz (Quran),,,,yes,1,13
Hail Mary,,,,yes,2,5
Hair wax,2237655,2632535,2021-10-29,yes,1,1
Hajj,,,,yes,1,4
Hallmark Movie Channel,1108330,1303917,2021-10-29,yes,11,17
Handgun holster,,,,yes,28,43
Hanukkah gelt,46630,54858,2021-10-29,no,,
Harlem,,,,yes,1,1
Harvard Business Review,11986060,14101247,2021-10-29,yes,15,16
Harvard Kennedy School,27938,32868,2021-10-29,no,,
Hasidic Judaism,,,,yes,3,4
Hay House,2248040,2644752,2021-10-29,yes,6,9
Head,50001590,58825400,2021-10-29,no,,
Headache and Migraine News,,,,yes,1,1
Healing,59661750,70190294,2021-10-29,yes,50,75
Health equity,,,,yes,7,3
Hearing,5100000,5900000,2021-12-23,yes,7,8
Hearing Dogs for Deaf People,,,,yes,1,1
Hearing test,790400,929800,2021-12-23,yes,1,1
Heart,252697890,297291635,2021-10-29,yes,57,47
Heart rate,3100000,3700000,2021-12-23,yes,13,8
Heart valve,3200000,3700000,2021-12-23,yes,6,10
Heartbeat International (crisis pregnancy center network),,,,yes,1,1
Heaven,,,,yes,13,15
Heaven Is for Real (film),374982,440980,2022-02-08,yes,4,8
Hebrew Bible,,,,yes,15,14
Hematology,2100000,2500000,2022-01-07,yes,20,19
Hematopoietic stem cell,,,,yes,1,1
Heritage Action,,,,yes,5,1
Higher consciousness,3253306,3827418,2021-10-29,yes,9,13
Hijab,,,,yes,5,6
Hillary Clinton,3000000,3500000,2022-01-07,yes,53,15
Hillsong Church,,,,yes,2,2
Hillsong United (band),21600000,25400000,2022-01-07,yes,8,38
Hindu philosophy,,,,yes,1,2
Hinduism,,,,yes,7,7
Hip hop dancing,272855,321005,2021-10-29,no,,
Hispanic american culture,6100000,7100000,2022-01-07,yes,8,45
Hispanic culture,21900000,25800000,2022-01-07,yes,76,143
Historian,14033410,16509894,2021-10-29,yes,20,15
Historically black colleges and universities,,,,yes,12,14
History of Christianity,,,,yes,4,4
HIV/AIDS research,,,,yes,1,1
Hoda Kotb,5515360,6488658,2021-10-29,yes,3,2
Holy Land,,,,yes,4,3
Holy Spirit,,,,yes,18,16
Holy Week,,,,yes,2,2
Homelessness,,,,yes,39,27
Homosexuality,7200000,8500000,2022-01-07,yes,47,28
Hoover Institution,,,,yes,10,6
Hope,65849890,77470458,2021-10-29,yes,11,11
Hormone,,,,yes,57,47
Hormone imbalance,,,,yes,5,5
HuffPost Black Voices,,,,yes,10,11
Human behavior,,,,yes,5,3
Human body,,,,yes,5,4
Human brain,3160500,3718235,2021-10-29,yes,1,1
Human digestive system,21926505,25785570,2022-02-08,yes,19,29
Human eye,,,,yes,26,19
Human gastrointestinal tract,,,,yes,93,59
Human leg,,,,yes,1,1
Human rights,3400000,4000000,2022-01-07,yes,106,50
Human Rights Campaign,,,,yes,69,42
Human sexuality,563606900,663066941,2021-11-19,yes,103,44
Humanitarian aid,4945,5816,2022-02-08,yes,31,23
Humanitarianism,8604804,10119250,2022-02-08,yes,9,12
Hunting dog,4416360,5195717,2021-10-29,yes,7,10
"I Declare, Joel Osteen",,,,yes,1,1
I Love the USA,,,,yes,1,1
ICD-10 Chapter V: Mental and behavioural disorders,967700,1100000,2021-12-23,yes,4,5
Igreja do Evangelho Quadrangular,16266,19136,2021-10-29,no,,
Imam,21922,25790,2021-10-29,no,,
Immaculate Conception,,,,yes,1,3
Immaculate Heart of Mary,,,,yes,1,1
Immigration,,,,yes,22,17
Immigration law,,,,yes,1,1
Immigration to the United States,,,,yes,2,2
Immune system,,,,yes,84,63
Immunity (medical),,,,yes,21,20
Immunodeficiency,,,,yes,6,9
Incantation,2384040,2804752,2021-10-29,yes,2,3
Inclusion (disability rights),1900000,2300000,2021-12-23,yes,1,2
Independent politician,53560850,63012764,2021-10-29,no,,
India Today,19575408,23020680,2022-02-08,yes,2,2
Indian National Congress,,,,yes,2,2
Indigenous rights,,,,yes,1,1
Individualism,13898801,16344990,2022-02-08,yes,3,3
Injustice,,,,yes,1,1
Innocence Project,,,,yes,8,5
Instinct,21652320,25473317,2021-10-29,no,,
Intensive care medicine,,,,yes,5,4
Interfaith dialogue,,,,yes,3,2
Internal medicine,,,,yes,3,2
International AIDS Society,,,,yes,1,5
International Brotherhood of Electrical Workers,,,,yes,1,1
International Brotherhood of Teamsters,,,,yes,2,2
International Christian Embassy Jerusalem,,,,yes,1,1
International Classification of Headache Disorders,,,,yes,3,4
International Diabetes Federation,,,,yes,1,2
International Fellowship of Christians and Jews,,,,yes,5,10
International Holocaust Remembrance Day,,,,yes,6,5
International Justice Mission,,,,yes,2,2
International Paralympic Committee,,,,yes,3,2
International Planned Parenthood Federation,,,,yes,4,1
International Women's Day,21751224,25579440,2022-02-08,yes,19,20
Intuition (psychology),10418384,12252020,2022-02-08,yes,4,5
Iota Phi Theta,,,,yes,2,4
Islamic architecture,,,,yes,1,2
Islamic banking,14143300,16639176,2021-10-29,no,,
Islamic calendar,,,,yes,1,1
Islamic Circle of North America,,,,yes,3,8
Islamic culture,,,,yes,1,4
Islamic dietary laws,,,,yes,1,5
Islamic Relief USA,,,,yes,3,13
Islamic schools and branches,,,,yes,1,1
Islamism,,,,yes,1,2
Israel Defense Forces,14169760,16670305,2021-10-29,yes,9,21
Israel Project,,,,yes,4,3
Israeli Air Force,1149515,1351830,2022-02-08,yes,1,1
Israeli Navy,,,,yes,1,1
It Gets Better Project,,,,yes,4,4
Ivanka Trump,,,,yes,22,20
Jainism,,,,yes,1,1
Jamaat-e-Islami Pakistan,,,,yes,2,1
James Dobson,,,,yes,2,4
Jay Sekulow,3925990,4618811,2021-10-29,yes,10,8
Jeff Merkley,,,,yes,2,1
Jeremy Camp,6400000,7600000,2022-01-07,yes,11,31
Jerusalem Prayer Team,,,,yes,4,4
Jesus,39000000,45900000,2022-01-07,yes,206,293
Jesus Calling by Sarah Young,,,,yes,2,3
Jesus Culture,,,,yes,2,2
Jesus Daily,359976,423501,2021-10-29,yes,17,36
Jesus movement,,,,yes,9,15
Jesus music,,,,yes,2,2
Jewish Community Center,,,,yes,5,10
Jewish cuisine,,,,yes,15,15
Jewish culture,887200,1000000,2022-01-07,yes,12,30
Jewish history,,,,yes,1,1
Jewish holidays,,,,yes,13,36
Jewish identity,,,,yes,1,1
Jewish music,,,,yes,1,1
Jewish National Fund,,,,yes,3,5
Jewish prayer,,,,yes,4,12
Jewish Theological Seminary of America,,,,yes,1,1
Jewish Voice,,,,yes,5,6
Jews for jesus (organization),,,,yes,4,5
Jill Biden,,,,yes,1,1
Jim Bob Duggar,,,,yes,1,1
Jimmy Carter,,,,yes,3,2
Joe Biden,87100000,102400000,2022-01-07,yes,182,62
Joe Scarborough,,,,yes,1,1
Joel Osteen,23900000,28200000,2022-01-07,yes,17,56
John F. Kennedy,,,,yes,2,2
John Lewis,,,,yes,4,3
John Oliver (comedian),702700,826700,2022-01-07,yes,7,7
John Piper (theologian),,,,yes,12,27
John Stossel,,,,yes,2,1
John the Baptist,,,,yes,2,1
Joint,87712620,103191317,2021-10-29,yes,57,68
Joint stiffness,,,,yes,6,10
Jon Stewart,4595840,5406870,2021-10-29,yes,22,13
Joyce Meyer,24600000,28900000,2022-01-07,yes,19,86
Judaism,,,,yes,75,65
Judicial Watch,8507760,10009129,2021-10-29,yes,43,15
Julian Castro,,,,yes,2,2
Junaid Jamshed,9835860,11571600,2021-10-29,yes,1,1
Justice,58527755,68828640,2022-02-08,yes,12,11
Kaftan,19980730,23506741,2021-10-29,yes,3,3
Kamala Harris,12458270,14656788,2021-10-29,yes,131,68
"Kapuso Mo, Jessica Soho",43126330,50736858,2021-10-29,no,,
Kari Jobe,14900000,17600000,2022-01-07,yes,6,24
Karl Marx,4958520,5833552,2021-10-29,yes,1,1
Karl Rove,,,,yes,2,2
Kashrut,,,,yes,5,4
Ketosis,,,,yes,57,116
Kevin McCarthy (California politician),,,,yes,1,1
Kidney,62803435,73856840,2022-02-08,yes,21,23
Kidney Disease Awareness,2800000,3300000,2021-12-23,yes,1,4
Kikar HaShabbat,378250,445000,2021-10-29,no,,
Kindness,77626950,91325823,2021-10-29,yes,21,14
Kippah,5927641,6973695,2021-10-29,no,,
Kirk Franklin,5100000,6000000,2022-01-07,yes,10,21
Kirsten Gillibrand,,,,yes,3,2
Kirtan,,,,yes,1,1
Knights of Columbus,,,,yes,7,19
Kompas,22181850,26096294,2021-10-29,no,,
Kosher foods,708400,833400,2022-01-07,yes,4,5
Kosher restaurant,285100,335411,2021-10-29,yes,1,1
Kraken,5039250,5928529,2021-10-29,yes,1,1
Krishna,,,,yes,1,1
Kurta,26553690,31239635,2021-10-29,no,,
Laborers' International Union of North America,,,,yes,2,3
Last Week Tonight with John Oliver,1999650,2352529,2021-10-29,yes,38,32
Late Night with Seth Meyers,3400000,4000000,2022-01-07,yes,4,6
Latin America,286331403,336725730,2022-02-08,yes,91,52
Latin Mass,,,,yes,1,3
Latina (magazine),34917176,41062600,2022-02-08,yes,10,15
Latino culture,10900000,12900000,2022-01-07,yes,45,65
Latter Day Saint movement,,,,yes,7,5
Laura W. Bush,,,,yes,3,3
Lauren Daigle,14500000,17100000,2022-01-07,yes,8,42
Law and Justice,,,,yes,6,4
Law enforcement in the United States,,,,yes,3,4
Law Enforcement Today,,,,yes,4,4
Law of attraction (New Thought),14149590,16646576,2021-10-29,yes,15,16
Lawyers' Committee for Civil Rights Under Law,,,,yes,2,2
League of Conservation Voters,,,,yes,12,4
Lecrae,3700000,4300000,2022-01-07,yes,12,28
Lehenga,20211180,23777858,2021-10-29,no,,
Lesbian Pride,,,,yes,3,9
"Lesbian, Gay, Bisexual, Transgender Community Center",,,,no,,
"Lesbianas, gays, bisexuales y transexuales",4378,5150,2022-01-07,no,,
Leukemia & Lymphoma Society,,,,yes,10,17
LGBT community,32300000,38000000,2022-01-07,yes,434,655
LGBT culture,18000000,21100000,2022-01-07,yes,33,87
LGBT Equality World Wide,,,,yes,1,1
LGBT history,,,,yes,31,33
LGBT History Month,,,,yes,1,1
LGBT in the United States,,,,yes,2,9
LGBT parenting,,,,yes,1,1
LGBT rights by country or territory,2100000,2500000,2022-01-07,yes,26,35
LGBT rights in the United States,,,,yes,3,4
LGBT social movements,6800000,8000000,2022-01-07,yes,29,73
LGBT tourism,,,,yes,1,2
LGBTQ Nation,1800000,2200000,2022-01-07,yes,23,52
Libertarian Party (United States),,,,yes,14,7
Liberty,86741670,102049023,2021-10-29,yes,45,36
Liberty University,365901,430471,2021-10-29,yes,3,3
LifeChurch.tv,,,,yes,2,3
LifeWay Christian Resources,,,,yes,4,16
Ligament,,,,yes,2,4
Liver,87343265,102715680,2022-02-08,yes,12,11
Lobbying,9517470,11197023,2021-10-29,yes,7,2
Local church,,,,yes,6,8
Logos Bible Software,,,,yes,3,7
Lord,,,,yes,1,1
Low-carbohydrate diet,,,,yes,129,156
Lung,43881122,51604200,2022-02-08,yes,68,48
Lung cancer awareness,11300000,13300000,2022-01-07,yes,50,67
Lutheranism,,,,yes,7,12
Maariv (newspaper),1836710,2160835,2021-10-29,yes,1,2
Macula of retina,,,,yes,1,6
Madame Noire,,,,yes,1,1
Madrasa,17980690,21153752,2021-10-29,no,,
Magic (paranormal),151388000,178103529,2021-10-29,yes,58,56
Magic word,2693420,3168729,2021-10-29,no,,
Magician (fantasy),20946470,24642905,2021-10-29,yes,9,5
Maher Zain,6481500,7625294,2021-10-29,yes,1,2
Management of dyslexia,,,,yes,1,1
Mandala,19814410,23311070,2021-10-29,yes,3,3
Mandisa,1100000,1300000,2022-01-07,yes,7,17
Mantra,36911430,43425211,2021-10-29,yes,10,11
Manual therapy,,,,yes,10,17
march against monsanto,,,,yes,1,1
"March for Life (Washington, D.C.)",,,,yes,3,3
Marco Rubio,,,,yes,1,1
Marianne Williamson,1298400,1527529,2021-10-29,yes,12,18
Marine Corps Association,161811,190290,2022-02-08,yes,1,3
Marine Corps Times,1426270,1677964,2021-10-29,yes,7,16
Marines,7403579,8706610,2022-02-08,yes,6,16
Mark Kelly,,,,yes,4,1
Marriage (Catholic Church),,,,yes,1,2
Mary (mother of Jesus),,,,yes,7,13
Mass (liturgy),,,,yes,4,4
Master of Divinity,5537,6514,2021-10-29,yes,1,1
Maxine Waters,,,,yes,2,4
Meaning of life,,,,yes,2,2
Media Research Center,7684920,9041082,2021-10-29,yes,1,1
Medicare (United States),,,,yes,135,101
Medicare Advantage,,,,yes,25,38
Medicare Made Clear,,,,yes,1,3
Medicare Part D,,,,yes,9,9
Medina,,,,yes,1,2
Meditation,41000000,48200000,2022-01-07,yes,838,982
Medtronic Diabetes,,,,yes,9,20
Meetic,9350470,11000552,2021-10-29,yes,1,1
Melania Trump,,,,yes,18,15
Melanin,31918550,37551235,2021-10-29,yes,8,9
Mental Health Awareness Month,11200000,13100000,2021-12-23,yes,5,9
Mental Health Foundation,,,,yes,4,6
Merav Michaeli,287380,338094,2021-10-29,no,,
Mercy,,,,yes,1,1
MercyMe,10200000,12000000,2022-01-07,yes,16,60
Messianic Judaism,,,,yes,3,3
Methodism,,,,yes,5,6
Mezuzah,,,,yes,1,1
Michael Beckwith,557520,655905,2021-10-29,yes,1,1
Michael Bloomberg,3225320,3794494,2021-10-29,yes,1,1
Michael W. Smith,15200000,17900000,2022-01-07,yes,13,44
Michelle Obama,26300000,31000000,2022-01-07,yes,92,48
Michigan Republican Party,,,,yes,1,1
Middle Ages,199645970,234877611,2021-10-29,yes,21,17
Midwestern Baptist Theological Seminary,,,,yes,2,4
Migraine Action Association,,,,yes,1,7
Migraine Research Foundation,,,,yes,1,1
Migraine Trust,,,,yes,1,1
Mike Huckabee,,,,yes,11,9
Mike Pence,,,,yes,18,9
Militaria,,,,yes,1,2
Military recruitment,,,,yes,1,1
Military tactics,21526020,25324729,2021-10-29,yes,26,64
Military.com,2378260,2797952,2021-10-29,yes,5,9
Milton Friedman,,,,yes,1,1
Mind‚body interventions,,,,yes,,
Mindfulness,75445542,88759461,2021-10-29,yes,208,287
Ministry of Jesus,,,,yes,9,9
Miracles of Jesus,,,,yes,1,2
Mission (Christianity),,,,yes,7,6
Missionary,238111,280130,2021-10-29,no,,
Mitch McConnell,,,,yes,3,4
Miter joint,,,,yes,1,1
Mitt Romney,,,,yes,6,4
Mitzvah,,,,yes,2,1
Mizhari jewish culture,,,,yes,1,2
Mobility aid,,,,yes,10,22
Mobility scooter,,,,yes,13,18
Mojo (African-American culture),,,,yes,1,1
Money (magazine),356340,419223,2021-10-29,yes,3,2
Mood (psychology),,,,yes,36,11
Morehouse College,296300,348600,2022-01-07,yes,2,2
Mormonism,,,,yes,9,11
Mother Earth News,862150,1014294,2021-10-29,no,,
Mother Jones (magazine),2017140,2373105,2021-10-29,yes,43,22
Mrs. Claus,,,,yes,1,1
Mufti,,,,yes,1,3
Multiple myeloma awareness,3000000,3500000,2021-12-23,yes,13,12
Multiple sclerosis awareness,,,,yes,47,44
Multiple sclerosis research,1000000,1200000,2021-12-23,yes,1,7
Muscular Dystrophy Association,,,,yes,1,2
Muslim holidays,,,,yes,7,2
Muslim Students' Association,,,,yes,1,4
Muslim world,,,,yes,3,19
Muslin,,,,yes,3,1
My Bible,,,,yes,1,4
Mysticism,,,,yes,6,7
NAACP Legal Defense and Educational Fund,,,,yes,4,4
NAMES Project AIDS Memorial Quilt,,,,yes,1,1
Nancy Pelosi,,,,yes,15,7
Narcissism,,,,yes,2,2
National Abortion Federation,,,,yes,1,1
National Action Network,,,,yes,2,2
National Alliance on Mental Illness,1600000,1900000,2021-12-23,yes,19,25
National Association for Gun Rights,1200000,1400000,2022-01-07,yes,19,20
National Association for the Advancement of Colored People,,,,yes,31,31
National Association of Black Accountants,,,,yes,1,1
National Association of the Deaf (United States),155200,182600,2021-12-23,yes,1,1
National Autism Association,611000,718800,2022-01-07,yes,5,13
National Breast Cancer Awareness Month,6400000,7500000,2021-12-23,yes,12,40
National Breast Cancer Foundation,3300000,3900000,2022-01-07,yes,5,23
National Cancer Institute,4700000,5600000,2022-01-07,yes,5,7
National Catholic Register,,,,yes,8,26
National Center for Transgender Equality,,,,yes,8,13
National Fibromyalgia Association,,,,yes,4,9
"National Heart, Lung, and Blood Institute",,,,yes,1,1
National Institute of Allergy and Infectious Diseases,244100,287100,2021-12-23,yes,3,3
National Institute of Mental Health,,,,yes,17,23
National Kidney Foundation,,,,yes,3,12
National Mobility Equipment Dealers Association (NMEDA),,,,yes,1,1
National Multiple Sclerosis Society,,,,yes,18,24
National Museum of African American History and Culture,,,,yes,1,3
National Network to End Domestic Violence,,,,yes,2,1
National Organization for Rare Disorders,,,,yes,1,4
National Organization for Women,3300000,3900000,2022-01-07,yes,13,12
National Parkinson Foundation,1100000,1200000,2021-12-23,yes,1,17
National Pro-Life Alliance,,,,yes,2,2
National Republican Congressional Committee,,,,yes,10,5
National Republican Party,,,,yes,1,1
National Republican Senatorial Committee,,,,yes,7,3
National Review,3421880,4025741,2021-10-29,yes,24,19
National Rifle Association,,,,yes,68,135
National Suicide Prevention Lifeline,,,,yes,8,19
National Urban League,,,,yes,3,7
Native American Church,,,,yes,1,1
Native American civil rights,,,,yes,4,5
Native American culture,,,,yes,6,9
Native american culture in the united states,,,,yes,105,61
Native hawaiian culture,,,,yes,5,3
Nativity of Jesus,,,,yes,11,12
Natural childbirth,,,,yes,3,3
Naturopathy,,,,yes,14,20
Navaid Aziz,,,,yes,1,15
Navy,28001190,32929400,2022-02-08,yes,22,28
Navy Midshipmen,,,,yes,2,2
Navy Times,919761,1081640,2022-02-08,yes,8,8
Navy Veterans of the United States of America,,,,yes,1,1
NBC News,103221490,121437047,2021-10-29,yes,150,54
Neale Donald Walsch,489120,575435,2021-10-29,yes,2,2
Needtobreathe,1200000,1400000,2022-01-07,yes,2,4
Nephrology,,,,yes,2,4
Nerve,21562619,25357640,2022-02-08,yes,7,4
Nervous system,,,,yes,9,3
Neuro-linguistic programming,,,,yes,3,3
Neurofeedback,,,,yes,1,2
Neurology,,,,yes,16,16
Neuron,,,,yes,2,2
Neuropsychology,,,,yes,2,2
Neurosurgery,,,,yes,3,3
New Age,50685500,59630000,2021-10-29,yes,14,11
"New Life Church (Colorado Springs, Colorado)",,,,yes,3,3
New Testament,,,,yes,14,15
"New York Lesbian, Gay, Bisexual, Transgender Film Festival",,,,no,,
New York Post,,,,yes,22,13
Newsmax Media,9600000,11300000,2022-01-07,yes,49,46
Newt Gingrich,,,,yes,2,2
Nicotine replacement therapy,549600,646600,2021-12-23,yes,3,5
Nikki Haley,,,,yes,11,2
NIV Bible,,,,yes,2,5
NIV Study Bible,,,,yes,1,3
NO H8 Campaign,,,,yes,5,3
Noise-induced hearing loss,,,,yes,2,2
Non-celiac gluten sensitivity,,,,yes,1,1
Nondenominational Christianity,,,,yes,3,6
North Carolina Central University,92729,109092,2021-10-29,no,,
NRA Institute for Legislative Action,5631,6624,2021-10-29,no,,
NRDC Action Fund,,,,yes,2,2
Numerology,,,,yes,2,2
Occult,72375890,85148105,2021-10-29,yes,49,47
Occupational therapy,7418130,8727211,2021-10-29,yes,11,21
Ocean Conservancy,1079530,1270035,2021-10-29,yes,24,16
Odin,4010470,4718200,2021-10-29,yes,3,2
Odyssey,15057790,17715047,2021-10-29,no,,
Old Testament,,,,yes,8,5
Omega Psi Phi,762300,896900,2022-01-07,yes,1,5
Onam,,,,yes,1,1
Oncology,5200000,6100000,2022-01-07,yes,31,28
Online Bible,,,,yes,1,1
Open carry in the United States,,,,yes,2,2
Oral Torah,,,,yes,2,3
Organisation of Islamic Cooperation,,,,yes,1,2
Orthodox Judaism,,,,yes,7,18
Orthodox Judaism outreach,,,,yes,2,3
Orthodox Union,,,,yes,1,1
Our Daily Bread,3700000,4300000,2022-01-07,yes,11,34
Our Lady of Guadalupe,,,,yes,2,5
Our Lady of Sorrows,,,,yes,1,8
Our Lady of the Rosary,,,,yes,2,9
Out (magazine),28765570,33841847,2021-11-19,yes,48,97
Paganism,,,,yes,29,24
Pakistan Peoples Party,,,,yes,1,1
Palmistry,10852060,12767129,2021-10-29,yes,1,1
Pan-Africanism,,,,yes,4,3
pancreatic cancer action network,,,,yes,1,2
Parkinson's disease clinical research,1300000,1500000,2022-01-07,yes,1,15
Parkinson's Disease Foundation,2200000,2600000,2021-12-23,yes,1,16
Parkinson's UK,,,,yes,1,7
Passion Conferences,,,,yes,1,1
Passover,,,,yes,9,9
Passover Seder,,,,yes,8,9
Pastor,412703,485532,2021-10-29,no,,
Pastoral care,6748000,7938823,2021-10-29,yes,2,3
Pat Robertson,,,,yes,2,4
Patient Protection and Affordable Care Act,,,,yes,8,6
Paul Ryan,8413270,9897964,2021-10-29,yes,3,1
Paula White,2108030,2480035,2021-10-29,yes,4,11
PCOS Awareness,412900,485800,2021-12-23,yes,1,1
Peaceful Mind Peaceful Life,,,,yes,1,1
Peanut allergy,,,,yes,4,3
Pentecostalism,,,,yes,8,9
People en Español,,,,yes,4,5
People's Democratic Party (Nigeria),,,,yes,1,1
Perm (hairstyle),11258960,13245835,2021-10-29,yes,2,2
Permanent residence (United States),,,,yes,1,1
Pete Buttigieg,,,,yes,6,5
PFLAG,718600,845400,2022-01-07,yes,7,5
Philosophy of religion,,,,yes,1,2
Physical medicine and rehabilitation,,,,yes,7,10
Physical therapy,,,,yes,79,100
Physical therapy education,,,,yes,1,2
Pink (LGBT magazine),,,,yes,1,2
Planned Parenthood,5116,6017,2022-02-08,yes,50,26
Plantar fascia,,,,yes,1,2
Platelet,3990433,4692750,2022-02-08,yes,2,3
Plus-size clothing,93144330,109581564,2021-10-29,yes,123,156
Plus-size model,19214940,22596770,2022-02-08,yes,15,25
Point Foundation (LGBT),,,,yes,1,2
Political freedom,,,,yes,10,7
Politician,83211620,97896023,2021-10-29,yes,22,9
Politico,,,,yes,49,24
Positive Outlooks,,,,yes,7,5
Positive psychology,,,,yes,9,10
Pow wow,,,,yes,5,10
Power (social and political),,,,yes,10,5
Power of Positivity,,,,yes,7,5
Prana,6086180,7160211,2021-10-29,yes,4,4
PrayAmerica,,,,yes,6,5
Prayer,18800000,22100000,2022-01-07,yes,64,59
Prayer beads,,,,yes,2,3
Pregnancy,29000000,34200000,2022-01-07,yes,195,203
Presbyterian Church (U.S.A.),,,,yes,1,1
Presbyterian Church in America,,,,yes,1,1
Presbyterianism,,,,yes,5,8
President of the United States,,,,yes,20,11
Prevention of HIV/AIDS,,,,yes,8,18
Pride parade,,,,yes,22,51
Priest,64604,76004,2021-10-29,yes,3,4
Priesthood (Catholic Church),,,,yes,2,3
Prime Minister of Israel,,,,yes,7,5
Priscilla Shirer,5500000,6500000,2022-01-07,yes,6,21
Pro-Life Action League,,,,yes,1,1
Professional organizing,,,,yes,1,1
Progressive Christianity,,,,yes,3,4
Progressive Democrats,,,,yes,2,1
Project HOPE,,,,yes,1,1
Prophecy,,,,yes,7,8
Prophet,,,,yes,1,1
Prophets and messengers in Islam,,,,yes,9,15
ProPublica,,,,yes,7,3
Prostate Cancer Foundation,,,,yes,4,13
Protestantism,,,,yes,22,22
Proverbs 31,,,,yes,8,9
Proverbs 31 Ministries,1500000,1700000,2022-01-07,yes,9,15
Psalms,,,,yes,5,2
Psoriasis Awareness,5400000,6400000,2021-12-23,yes,30,26
Psychiatrist,,,,yes,8,6
Psychiatry,,,,yes,32,20
Psychic,16849340,19822752,2021-10-29,yes,14,22
Psychic reading,2714160,3193129,2021-10-29,yes,4,7
Psychoanalysis,,,,yes,9,9
Psychologist,,,,yes,32,31
Public policy,11097050,13055352,2021-10-29,yes,38,30
Pulmonology,,,,yes,6,6
Punjabi language,,,,yes,2,2
Qigong,9032090,10625988,2021-10-29,yes,2,2
Quantum mysticism,,,,yes,1,2
Queercore,,,,yes,3,5
Queerty,,,,yes,6,6
R. C. Sproul,577400,679300,2022-01-07,yes,3,20
Rabbi,,,,yes,6,5
Rachel Maddow,4100000,4800000,2022-01-07,yes,35,17
Racial equality,,,,yes,25,25
Rainbow,,,,yes,16,8
Rainbow flag (LGBT movement),9000000,10600000,2022-01-07,yes,84,124
Ramadan (calendar month),,,,yes,2,2
Ramadan month (high content engagement),4681005,5504863,2022-02-08,no,,
Ramadan month (medium content engagement),,,,no,,
Ramaz,4657,5478,2021-10-29,no,,
Rand Paul,,,,yes,10,6
Rap,15600000,18300000,2022-01-07,yes,1,1
Rap Artist,97450,114647,2021-10-29,no,,
rap hip hop,4625,5441,2021-10-29,no,,
Real Time with Bill Maher,6967740,8197341,2021-10-29,yes,1,1
Reality,,,,yes,12,7
Recovery approach,,,,yes,34,16
Recycling,98196100,115524823,2021-10-29,yes,240,222
RedState,2600000,3100000,2022-01-07,yes,10,10
Reform Judaism,,,,yes,10,17
Reincarnation,,,,yes,1,1
Relevant (magazine),4500000,5300000,2022-01-07,yes,4,16
Religion,907380930,1067506976,2021-10-29,yes,266,286
Religious Action Center of Reform Judaism,,,,yes,2,2
Religious broadcasting,,,,yes,3,2
Religious music,,,,yes,1,1
Religious studies,105889,124575,2021-10-29,no,,
Religious text,,,,yes,4,5
Reproductive health,,,,yes,13,10
Reproductive medicine,,,,yes,1,2
Reproductive rights,,,,yes,14,8
Republican National Committee,,,,yes,5,6
Republican National Convention,,,,yes,2,2
Republican Party (United States),35300000,41500000,2022-01-07,yes,217,138
Republican Party of Arkansas,,,,yes,1,1
Republican Party of Florida,,,,yes,5,8
Republican Party of Minnesota,,,,yes,1,1
Republican Party of Texas,,,,yes,4,8
Republican Party of Wisconsin,,,,yes,1,1
Respiratory system,20259175,23824790,2022-02-08,yes,26,40
Resurrection of Jesus,,,,yes,3,3
Retirement,38445750,45230294,2021-10-29,yes,175,291
Retirement home,5733210,6744952,2021-10-29,yes,11,18
Retreat (spiritual),,,,yes,4,6
Rheumatoid Arthritis awareness,7200000,8500000,2021-12-23,yes,31,49
Rheumatology,,,,yes,9,16
Rhonda Byrne,416550,490058,2021-10-29,no,,
Rick Scott,,,,yes,1,1
Right to housing,,,,yes,1,1
Right to keep and bear arms,,,,yes,11,13
Right to life,,,,yes,5,3
Ritual,152517870,179432788,2021-10-29,yes,33,34
Robert Reich,,,,yes,5,2
Roman Catholic devotions,,,,yes,6,15
Ron DeSantis,,,,yes,7,3
Ron Paul,,,,yes,4,2
Ronald Reagan,,,,yes,14,7
Rosh Hashanah,,,,yes,6,7
Rush Limbaugh,,,,yes,52,61
Rush Limbaugh and the EIB Network,,,,yes,2,2
Ruth Bader Ginsburg,1800000,2100000,2022-01-07,yes,75,15
Sacroiliac joint,,,,yes,1,1
Sadaqah,,,,yes,2,2
Saddleback Church,,,,yes,1,1
Sai Baba of Shirdi,12722550,14967705,2021-10-29,no,,
Saint,,,,yes,2,2
Saint Joseph,,,,yes,4,6
Salt,,,,yes,11,5
Same-sex marriage,7200000,8500000,2022-01-07,yes,22,23
Same-sex marriage in the United States,,,,yes,2,1
Same-sex relationship,,,,yes,2,2
Sarah Palin,,,,yes,5,4
Satan,,,,yes,1,1
Save the Children,,,,yes,19,30
Save the Children International,,,,yes,2,4
Sciatic nerve,2326139,2735540,2022-02-08,yes,2,4
Scott Hahn,1283610,1510129,2021-10-29,yes,7,16
Sean Hannity,16130240,18976752,2021-10-29,yes,95,111
Seasonal affective disorder,544600,640700,2021-12-23,yes,4,5
Second Amendment to the United States Constitution,,,,yes,34,46
Second-wave feminism,,,,yes,1,1
Secular humanism,,,,yes,1,1
Self-healing,19351782,22766802,2021-10-29,yes,11,22
Self-help groups for mental health,,,,yes,3,6
Self-hypnosis,,,,yes,1,1
Selimiye Mosque,117780,138564,2021-10-29,no,,
Seminary,,,,yes,10,12
Serum (blood),,,,yes,7,2
Service dog,,,,yes,12,14
Seventh-day Adventist Church,,,,yes,6,13
Sexology,37538410,44162835,2021-11-19,yes,7,8
Sgt Grit Marine Specialties,,,,yes,1,3
Shabbat,,,,yes,11,12
Shalom Arush,197190,231988,2021-10-29,no,,
Shamanism,21293800,25051529,2021-10-29,yes,11,12
Shambhala Publications,,,,yes,2,2
Sharia,,,,yes,1,1
Shavuot,,,,yes,1,1
Shlomi Shabat,181890,213988,2021-10-29,no,,
Sierra Club,4084550,4805352,2021-10-29,yes,78,48
Sigma Gamma Rho,459800,541000,2022-01-07,yes,1,6
Sigmund Freud,,,,yes,1,1
Sign language,,,,yes,4,4
Sirwal,3668250,4315588,2021-10-29,no,,
Sister 2 Sister,,,,yes,1,1
Skepticism,13540090,15929517,2021-10-29,yes,4,3
Skillet (band),4933190,5803752,2021-10-29,yes,5,8
Skin Cancer Foundation,,,,yes,1,2
Sober living environment,,,,yes,2,1
Social class,,,,yes,4,2
Social equality,34674328,40793327,2021-11-19,yes,92,167
Social inequality,,,,yes,3,3
social issues,,,,yes,33,18
Social justice,3900000,4600000,2022-01-07,yes,132,111
Social psychology,,,,yes,25,23
Society of Jesus,,,,yes,4,8
Son of God,,,,yes,6,8
Son of God (film),8142110,9578952,2021-10-29,yes,5,9
Soul,314650750,370177352,2021-10-29,yes,65,34
South Carolina Republican Party,,,,yes,3,1
"Southeast Christian Church (Louisville, Kentucky)",,,,yes,1,1
Southeastern Baptist Theological Seminary,11505,13535,2021-10-29,no,,
southern gospel music,,,,yes,5,4
Southern Poverty Law Center,1698530,1998270,2021-10-29,yes,49,18
Special forces,25556630,30066623,2021-10-29,yes,10,25
Special Forces (United States Army),7524183,8848440,2022-02-08,yes,12,16
Specialty (medicine),113145255,133058820,2022-02-08,yes,8,8
Speech,,,,yes,1,2
Speech disorder,,,,yes,1,4
Speech-language pathology,,,,yes,11,37
Spell (paranormal),4899080,5763623,2021-10-29,yes,7,10
Spinal cord,6574209,7731270,2022-02-08,yes,7,10
Spinal muscular atrophy,,,,yes,3,3
Spine-health,,,,yes,1,1
Spirit,97719070,114963611,2021-10-29,yes,30,25
Spiritism,64737680,76161976,2021-10-29,no,,
Spiritual (music),,,,yes,3,3
Spiritual practice,,,,yes,14,18
Spiritualism,,,,yes,3,3
Spirituality,,,,yes,106,101
Sports medicine,,,,yes,7,9
St. Peter's Basilica,,,,yes,3,5
Stand for Israel,,,,yes,7,6
Stand Up to Cancer,,,,yes,4,3
Standing Rock Indian Reservation,,,,yes,3,5
StandWithUs,2758360,3245129,2021-10-29,yes,4,9
Stem cell,19377346,22787760,2022-02-08,yes,3,3
Stephen Colbert,7500000,8800000,2022-01-07,yes,16,15
Steven Crowder,2400000,2800000,2022-01-07,yes,24,12
Steven Curtis Chapman,1228700,1445529,2021-10-29,yes,10,23
Stomach,107556879,126486890,2022-02-08,yes,32,32
Stroke Awareness,13300000,15600000,2021-12-23,yes,74,37
Student activism,,,,yes,1,1
Study Bible,,,,yes,4,22
Substance Abuse and Mental Health Services Administration,,,,yes,1,1
Success (magazine),2649970,3117611,2021-10-29,no,,
Sufism,,,,yes,1,1
Suicide prevention,,,,yes,34,43
Suicide Squad,4329345,5091310,2022-02-08,yes,15,18
Sukkah,,,,yes,1,1
Sukkot,,,,yes,2,2
Süleymaniye Mosque,,,,no,,
Sülvame,,,,no,,
Super Deluxe,5749260,6763835,2021-10-29,no,,
Superstition,8879100,10446000,2021-10-29,yes,4,4
Support group,,,,yes,16,14
Support our troops,,,,yes,5,4
Sura,19352240,22767341,2021-10-29,yes,1,1
Surgical oncology,,,,yes,4,6
Susan G. Komen for the Cure,,,,yes,5,9
Sustainability,195179613,229623074,2021-10-29,yes,539,729
Sutra,9897820,11644494,2021-10-29,no,,
Sweat gland,,,,yes,6,5
Tabung Haji,3094808,3640950,2021-10-29,no,,
Taking Control of your Diabetes,,,,yes,1,1
Talisman,14945380,17582800,2021-10-29,no,,
Talmud,,,,yes,1,1
Tammy Duckworth,,,,yes,1,1
Tantra,11266360,13254541,2021-10-29,yes,5,5
Taoism,,,,yes,1,1
Tariq Ramadan,1584240,1863811,2021-10-29,yes,1,25
Tarot,78384450,92217000,2021-10-29,yes,62,93
Tawhid,,,,yes,1,1
Tea Party movement,,,,yes,7,2
Tea Party Patriots,,,,yes,9,6
"Technopark, Trivandrum",17407,20478,2021-10-29,no,,
Ted Cruz,4800000,5600000,2022-01-07,yes,32,9
Televangelism,,,,yes,1,1
Tension headache,,,,yes,3,3
The 700 Club,7557280,8890917,2021-10-29,yes,5,17
The Advocate,3400000,4000000,2022-01-07,yes,22,30
The African History Network,,,,yes,3,5
The American Conservative,,,,yes,1,1
The Atlantic,9959510,11717070,2021-10-29,yes,131,76
The Bible (TV miniseries),13498530,15880623,2021-10-29,yes,5,9
The Big Book (Alcoholics Anonymous),,,,yes,1,1
The Breast Cancer Research Foundation,,,,yes,2,3
The Bronx,29216410,34372247,2021-10-29,yes,2,2
The Catholic University of America,4370,5141,2021-10-29,no,,
The Christian Post,,,,yes,8,5
The Church of Jesus Christ of Latter-day Saints,330129,388387,2021-10-29,yes,23,28
The Colbert Report,,,,yes,9,6
The Comical Conservative,,,,yes,3,3
The Conservative,,,,yes,1,1
The Daily Caller,,,,yes,68,47
The Daily Show,24072430,28320505,2021-10-29,yes,132,66
The Daily Signal,,,,yes,1,1
The Daily Telegraph,9695690,11406694,2021-10-29,no,,
The Diabetes Awareness Ribbon,1100000,1300000,2021-12-23,yes,1,1
The Economic Times,7319730,8611447,2021-10-29,no,,
The gospel,,,,yes,7,9
The Gospel Coalition,2900000,3400000,2022-01-07,yes,9,38
The Grio,,,,yes,8,6
The Heritage Foundation,4401990,5178811,2021-10-29,yes,32,29
The Huffington Post,6110310,7188600,2021-10-29,yes,19,19
The Jerusalem Post,3200000,3700000,2022-01-07,yes,7,17
The Jerusalem Post / JPost.com,,,,yes,3,3
The Jewish Home,,,,yes,1,1
The Nation (Pakistan),,,,yes,2,2
The Nature Conservancy,4588350,5398058,2021-10-29,yes,37,43
The New Civil Rights Movement,,,,yes,1,1
The Observer,7333160,8627247,2021-10-29,no,,
The Rachel Maddow Show,3900000,4600000,2022-01-07,yes,75,30
The Root (magazine),43919140,51669576,2021-10-29,yes,126,127
The Rush Limbaugh Show,11600000,13700000,2022-01-07,yes,22,32
The Sean Hannity Show,7600000,8900000,2022-01-07,yes,5,7
The Sun News,836660,984305,2021-10-29,no,,
The Sunday Times,5427980,6385858,2021-10-29,yes,1,1
The Terminator,5166570,6078317,2021-10-29,yes,2,2
The Thinking Person's Guide to Autism,,,,yes,8,8
The Times,22034500,25922941,2021-10-29,yes,2,2
The Times of India,39728410,46739305,2021-10-29,yes,1,1
The Trevor Project,1800000,2100000,2022-01-07,yes,48,51
The Washington Free Beacon,551720,649082,2021-10-29,no,,
The Washington Post,31832380,37449858,2021-10-29,yes,317,203
The Washington Times,,,,yes,3,3
The White Company,2915425,3429911,2021-10-29,no,,
The Young Turks,20202130,23767211,2021-10-29,yes,24,10
TheBlaze,8393990,9875282,2021-10-29,yes,59,51
TheBlaze Radio Network,3370,3964,2021-10-29,no,,
Theology,,,,yes,15,17
Theology/Pastoral Ministry,3774,4440,2021-10-29,no,,
Thigh,31220578,36715400,2022-02-08,yes,3,3
Third Day,6200000,7300000,2022-01-07,yes,6,14
Third-wave feminism,,,,yes,3,4
Thomas Jefferson,,,,yes,2,2
Thought,356792540,419755929,2021-10-29,yes,24,13
Tim Keller (pastor),1300000,1500000,2022-01-07,yes,8,38
TobyMac,16200000,19100000,2022-01-07,yes,29,69
Together We Served,,,,yes,1,2
Torah,,,,yes,7,9
Torah study,,,,yes,2,2
Townhall.com,,,,yes,3,3
Toxicity,,,,yes,3,4
Traditional Chinese medicine,,,,yes,5,11
Traditional Medicinals,,,,yes,5,5
Traditional medicine,,,,yes,7,7
Traditionalist Catholic,,,,yes,1,1
Transcendental Meditation,,,,yes,6,11
Transgender Law Center,,,,yes,5,6
Transgenderism,7900000,9300000,2022-01-07,yes,108,76
Trevor Noah,11900000,14100000,2022-01-07,yes,47,35
Trey Gowdy,,,,yes,1,1
Truth,191853850,225710411,2021-10-29,yes,1,1
Tucker Carlson,4600000,5400000,2022-01-07,yes,35,36
Tudong,4540710,5342011,2021-10-29,no,,
Turban,,,,yes,1,1
TUSKEGEE UNIVERSITY,43936,51689,2021-10-29,no,,
TV Alhijrah,6287770,7397376,2021-10-29,no,,
Tzipi Livni,306830,360976,2021-10-29,no,,
U.S. Department of Veterans Affairs,136643,160756,2021-10-29,no,,
U.S. Embassy Ghana,2088,2456,2021-10-29,no,,
U.S. Navy,1235280,1453270,2021-10-29,no,,
U.S. Navy Blue Angels,,,,yes,4,4
U.S. Senator Bernie Sanders,,,,yes,49,16
U.S. Senator Elizabeth Warren,,,,yes,20,7
uCatholic,,,,yes,2,5
Ulama,,,,yes,1,2
Ummah,,,,yes,1,3
Umrah,,,,yes,2,4
Unexplained infertility,,,,yes,1,4
Unidentified flying object,,,,yes,11,12
Union for Reform Judaism,,,,yes,3,8
United Methodist Church,5800000,6800000,2022-01-07,yes,21,18
United Spinal Association,,,,yes,1,1
United States Air Force,55857080,65714211,2021-10-29,yes,70,89
United States Air Force Academy,755518,888490,2022-02-08,yes,3,2
United States Armed Forces,67405460,79300541,2021-10-29,yes,95,134
United States Army,74397100,87490990,2022-02-08,yes,126,187
United States Citizenship and Immigration Services,,,,yes,4,3
United States Coast Guard,9884880,11624620,2022-02-08,yes,27,35
United States Conference of Catholic Bishops,,,,yes,5,7
United States Department of Defense,,,,yes,19,13
United States Department of State,,,,yes,1,1
United States Department of the Air Force,88870,104552,2021-10-29,no,,
United States Department of the Navy,1920382,2258370,2022-02-08,yes,7,6
United States Environmental Protection Agency,,,,yes,7,5
United States Holocaust Memorial Museum,,,,yes,8,6
United States Marine Corps,,,,yes,65,74
United States Marine Corps Reserve,286660,337247,2021-10-29,yes,1,1
United States National Health Care Act,,,,yes,2,2
United States Naval Academy,,,,yes,4,5
United States Navy,,,,yes,76,75
United States Navy Reserve,332746,391310,2022-02-08,yes,1,1
United States pro-life movement,,,,yes,10,7
United States Secretary of the Navy,,,,yes,1,1
United Synagogue Youth,,,,yes,1,1
United Way of America,,,,yes,8,4
United With Israel,,,,yes,7,5
University of Texas MD Anderson Cancer Center,,,,yes,2,2
Up from Slavery,,,,yes,1,2
Urban contemporary gospel,,,,yes,2,2
Urology,,,,yes,8,7
US Marine,1894,2228,2021-10-29,no,,
USA Today,105052900,123591647,2021-10-29,yes,102,76
Utility Workers Union of America,,,,yes,1,1
Valhalla,9229480,10858211,2021-10-29,yes,9,7
Van Jones,717300,843882,2021-10-29,yes,3,3
Vanguard (Nigeria),8230490,9682929,2021-10-29,no,,
Vatican City,28445840,33465694,2021-10-29,yes,3,7
Vedas,,,,yes,1,1
Vertebral column,,,,yes,21,25
Veterans,,,,yes,119,192
"Veterans Benefits Administration (VBA), U.S. Department of Veterans Affairs",,,,yes,2,5
Veterans Health Administration (VHA) - U.S. Department of Veterans Affairs,,,,yes,1,3
Veterans of Foreign Wars,,,,yes,10,22
Veterans of Foreign Wars VFW,,,,yes,2,5
Veterinary chiropractic,,,,yes,1,1
Vice (magazine),88629120,104269552,2021-10-29,yes,62,36
Vietnam Veterans of America,,,,yes,1,3
Vitali Klitschko,,,,yes,1,1
Voting Rights Act of 1965,,,,yes,4,2
Voto Latino,,,,yes,2,2
Vox Media,11481301,13502010,2022-02-08,yes,46,26
Waist,38281003,45018460,2022-02-08,yes,5,4
Walk with Jesus,,,,yes,2,6
Wayne Dyer,2549630,2999564,2021-10-29,yes,5,15
Weight loss (Fitness And wellness),,,,yes,174,151
Weight Watchers,,,,yes,59,79
Weight Watchers Recipes,,,,yes,2,2
Wellness (alternative medicine),80368396,94551054,2021-10-29,yes,130,251
West Point - The U.S. Military Academy,896763,1055015,2021-10-29,no,,
Western Christianity,,,,yes,6,4
Westminster Theological Seminary,4000,4705,2021-10-29,yes,1,1
Wisdom,93041790,109460929,2021-10-29,yes,11,9
Witchcraft,77699120,91410729,2021-10-29,yes,135,130
Women in Islam,,,,yes,3,5
Women in medicine,,,,yes,1,1
Women of Faith,,,,yes,5,9
Women's empowerment,,,,yes,6,11
Women's health,,,,yes,85,111
Women's Health (magazine),,,,yes,98,124
Women's rights,13300000,15600000,2022-01-07,yes,93,69
Women's Rights News,,,,yes,6,4
Women's suffrage,,,,yes,4,3
Word On Fire Catholic Ministries,,,,yes,5,15
World AIDS Day,,,,yes,1,1
World Autism Awareness Day,1200000,1400000,2021-12-23,yes,4,25
World Diabetes Day,,,,yes,3,5
World Wide Fund for Nature,16648480,19586447,2021-10-29,yes,48,44
Worship,,,,yes,9,10
Wound healing,,,,yes,1,1
Wounded Warriors Family Support,,,,yes,1,1
Wrist,26472159,31131260,2022-02-08,yes,2,2
Wu Xing,2638970,3104670,2021-10-29,no,,
WW,9204,10828,2021-10-29,no,,
"Yad Vashem: World Holocaust Center, Jerusalem",,,,yes,3,3
yasir qadhi,,,,yes,3,30
Yedioth Ahronoth,2543890,2992811,2021-10-29,no,,
Yeshiva University,37292,43872,2021-10-29,no,,
Yin and yang,12872570,15144200,2021-10-29,no,,
Yoga as exercise or alternative medicine,,,,yes,3,5
Yogi,10433452,12269740,2022-02-08,yes,5,5
Young Americans for Liberty,,,,yes,5,4
young conservatives,,,,yes,3,3
Young Republicans,,,,yes,3,4
Youth Minister,14794,17404,2021-10-29,no,,
Youth ministry,21103,24827,2021-10-29,yes,9,15
Zakat,,,,yes,3,18
Zero waste,29254065,34416547,2021-10-29,yes,102,126
Zeta Phi Beta,616000,724700,2022-01-07,yes,2,7
Zodiac,127011540,149425341,2021-10-29,yes,34,32
